"","X","X1","X2","X3","X4","X5","X6","X7","X8","X9","X10"
"1",1,8.07493862582935,17.9690007340664,-2.50163820675557,5.13427748016938,3.48276816882738,-0.171594285155997,0.129622511362809,7.48498029315154,9.39948642305009,13.4283494248338
"2",2,13.34505399404,25.2822129012351,-1.17128922179623,10.7774693077637,4.53295522711239,4.41282194188933,5.63454358474882,8.7127582691456,9.35317439625177,15.5175149690049
"3",3,11.8999298000219,20.5273092987099,-1.41689564535925,7.78389520396112,2.99218147603173,1.77037094636227,4.10615300871946,9.80518780088066,9.49947726204513,13.8221694092133
"4",4,12.6933325211986,25.9968223421566,2.8120403359761,12.8177079612074,8.7640009687358,4.49062121958263,8.35890605190041,13.2852210243997,11.9939768810119,20.6588408292737
"5",5,14.6056374043955,20.8850044320047,0.48328334592558,9.32726057207793,5.42796746018984,2.61858839787235,6.65482008026714,10.9875851251952,13.028878877911,17.4313840754665
"6",6,10.3362720724796,20.2676062585317,-1.0113964744147,7.47734503999389,3.27833008328026,1.3066756426745,4.11996703203019,9.32743033110178,11.3171523691832,14.6255317235226
"7",7,11.6166861422725,18.7807087730763,-2.00906872672118,7.19087865695524,1.60383958509286,0.903511766922628,4.19071579578814,8.35600136607916,10.6187560746699,12.6623855055987
"8",8,13.4927181007991,23.0474999094744,-0.0801598856910693,9.64637147397178,5.81525590687569,4.45456108892638,4.20387965585818,10.1176964316819,12.6752466374289,17.5986347616597
"9",9,14.1778083084699,20.5268747287107,-1.55811916560459,8.36608759740114,3.44409505858521,3.15381727618434,4.2095311695683,9.44707813391036,12.5412067331913,15.4399681798356
"10",10,12.5417577570746,21.7215441527547,0.806070251735134,7.83118752822186,3.36864329100671,3.87479280774049,5.30013207127921,10.2052240203987,12.5051789273163,15.8915430209829
"11",11,14.2067447098807,21.3361802275938,-1.66284793110028,9.57496179010809,5.21255727403254,2.22025642755752,5.97976708541172,7.75942681767825,10.6151020195253,16.3946946704723
"12",12,14.6807659174813,26.2225635934339,4.06139121641258,11.9031487200189,8.56749610559947,6.16943821098561,8.65044329563288,14.4644185678773,14.9210672708945,21.9375601325482
"13",13,14.1503528337023,24.2555761697951,0.784113949097615,10.5780137669541,5.61200871051083,6.3132888924876,3.51311128092727,11.5192788924617,10.0401382582971,16.6198208591646
"14",14,11.6289950177938,23.222810466047,0.354982629036767,8.10271888245488,6.24602707469509,4.02702138950431,2.30407604639779,10.2004503063906,10.8806308304535,16.8218674622616
"15",15,13.6316761251954,21.817324204622,0.190458105207864,10.3640862775647,4.30151456610116,3.23664358834532,6.76805256950432,10.5195445705849,12.6193641748069,16.2756976694182
"16",16,14.0818697841033,21.1664485047463,0.404517101843674,8.41448168628645,4.79690218867309,3.82227750699955,4.02712377339155,10.1873626557674,12.6026610101564,16.2586494925931
"17",17,13.0828726873084,20.0377509096103,-1.19565476505046,9.94199633667227,3.10547105360413,2.03130551077316,6.65755141615546,10.0505495415648,12.586728000368,15.5414792249998
"18",18,14.6817807453597,24.0364221943612,0.859795529331145,9.75723057259447,5.68864508807101,4.66820986230585,5.99532527880375,10.9336566764295,12.153300019729,17.4743806779938
"19",19,9.55742211554259,21.1280957664708,-0.54755990880187,7.70304587231733,2.49641680152714,1.38121460578634,5.40310178015558,9.09441813285962,9.98959394070299,13.9567164278922
"20",20,15.5859807877776,27.3999824899352,3.81574678437748,11.7419696097148,10.3128351559212,6.81934274968896,7.3699092766239,13.5380335346569,14.8139512428626,22.9394311371845
"21",21,13.5533165724416,23.6732520667213,2.31423427206031,10.932026903219,5.6787269859306,5.01098928452648,6.96976996666109,12.428438801174,12.5784875597555,17.9959279634576
"22",22,11.4104978958504,21.4681605461646,0.699594538255816,7.88076200399264,3.48327551500168,3.33473907079937,4.71089172710102,11.4545743258523,11.2753941688167,15.6182743128784
"23",23,11.5514180749315,25.4228371238704,1.26953859246176,10.5929613039237,5.50046874564866,4.06462884990207,7.04631950632342,12.1722645771746,12.4943832153021,17.7997037745489
"24",24,13.4365614870234,21.884735430261,-2.40336030714717,9.87054552747624,1.74135624278867,3.10185910763515,5.3980312452828,8.70859934500847,11.3741159125778,13.37173494077
"25",25,11.2876084676866,19.3359542749817,-1.36747439300034,6.81985795450271,3.45329258674418,0.509402572844206,4.11507925863107,9.00969289409194,10.0779685791989,14.2174602374426
"26",26,14.2524678846504,21.5934113447116,1.07654011829618,10.01051562974,4.96338816585338,4.13187202543768,5.9524798573448,11.6457515223722,13.7756430824798,17.3043090806522
"27",27,12.1571459010707,18.6410375472029,-5.40199566082969,6.47031009752019,1.17326677571798,-0.927758211615386,3.36448844877809,5.45987404460936,8.42712131918915,11.1540706131512
"28",28,13.1135722373712,24.2442878863754,2.47673792335901,11.5879209860635,7.58471401106075,4.01883992346228,8.34382068742665,12.865357395604,15.0198088155639,20.4435577255018
"29",29,15.1797284662889,21.4279615340705,0.825822026912036,10.9034107646654,5.01380050645083,3.45610161934146,6.63274056656016,11.5125833292325,12.083590038839,16.2127951898231
"30",30,10.2744465950397,18.5805657190422,-2.19117757289076,6.0029342426187,3.05943631246502,0.660363859116397,1.9349874964847,8.39642975090451,10.2454511508706,13.7702587999123
"31",31,10.7658988759688,21.7432878148271,0.874078620715758,10.0731950025009,4.51356807648018,0.807676000919742,9.20473918278776,11.3997401910606,11.5967748826826,16.8313466570023
"32",32,14.9716119865093,22.9687928935743,1.66034534186787,9.11795148440839,6.22182783588883,4.40703359229328,5.62634227496768,11.148093267561,13.0730086460401,17.7092701948435
"33",33,12.7274217062146,26.5553376961186,2.30509954745389,12.2819886113544,6.35477419169478,3.93222330988463,10.260618539965,12.2463894470085,12.8142836118204,18.8744301808095
"34",34,17.8253635100786,26.055919045343,4.35680508435582,13.9618313200593,7.46658230861405,7.67054110419741,9.94124247354609,15.3997005538838,15.5029978155686,21.0291954286084
"35",35,13.0257547078347,20.9181028706638,0.919750624549442,8.79626706582052,2.95045264150446,3.51987115431891,5.8989396476723,10.9880484631055,14.0983740037738,15.5301959332782
"36",36,12.7280638550628,22.7564732540973,1.25416453579585,10.1659194318352,4.85648504316511,3.47139408027421,6.67227035614322,11.3729558112909,13.2486264733844,16.9145388838118
"37",37,10.4991912594283,18.9844679175531,-0.842492276067013,7.51396943889596,2.05526762957659,0.965834059754534,5.14004946289854,9.18614799618899,10.6642062722429,13.7011414006648
"38",38,11.1769658035965,20.4233175428458,-0.589077268589758,10.0395772789788,3.34910711644363,2.12861585481336,6.59121773955219,10.7328418023455,13.1506924937126,16.4481938357043
"39",39,9.66712344003772,19.3477811497521,-2.25115318745585,6.16410590380327,3.28372207728047,0.325379322136036,2.97859457065095,7.80196343281891,11.792798720838,14.6884785746386
"40",40,10.3740523771114,22.7568357753961,1.00171739650212,9.27861676225496,4.77797112091398,2.63680530085701,6.02687014190704,11.6959109215874,10.1885980521796,16.5059910330605
"41",41,14.90140363969,21.9236471135575,0.904104863121597,11.0524561491859,6.16636775910323,3.31816156239006,7.49661699126436,11.1890083987993,14.689087040728,18.4605220487869
"42",42,10.3607097830567,20.809094508704,-0.933281631278076,7.72142624169884,4.04870352401254,1.45750736562774,4.03734461596604,9.30731683911796,9.30542525318967,14.9225479407253
"43",43,11.5218760239073,22.844449557599,1.05406109712055,9.4420787709507,4.92077500829632,2.99901632571052,6.51538518464826,11.4259527303552,12.8985599405205,17.2860927535244
"44",44,15.4764222670198,22.8243802299991,0.0731381398862747,11.7475367359895,5.59937126410067,3.82146769563186,8.38513383838185,10.8039249221667,14.5019575973187,18.5566225499841
"45",45,13.5980504691221,22.565108475672,1.27063714244835,9.84130746248969,5.61906297519611,3.62305975525693,6.33623766371792,11.127249318553,12.0175260923104,17.2218769688951
"46",46,13.5979324947308,21.2621078359141,-1.04963015980132,9.66424314351431,3.25288651957703,2.59018128396456,6.62804310761936,10.1705779593657,12.2105544102753,15.531780507321
"47",47,9.83687910221646,21.9821690284186,0.900891071153346,8.8179910019588,5.80433093831208,1.88317826706758,5.19025887283164,11.5597529719277,11.3399397177074,17.3072239303
"48",48,12.1528695119588,21.5825565666324,-0.287180265577256,9.15011510105046,4.20190076488706,3.28364735396953,4.71685012162589,10.084398046243,12.1171908299576,16.1688620053229
"49",49,12.860241094646,22.5102283292565,1.54297192691328,9.6030155371373,4.92326218574109,3.44182050359022,6.66868648735199,11.4378976544464,13.4936366967889,17.0433989001725
"50",50,15.2994289699595,23.5367111052861,1.12332019704565,11.4495724754387,5.42662226243386,5.25280230728642,7.06870172107002,12.2100495584159,14.1173347201639,18.179087925285
"51",51,11.2337804540912,21.1420204067422,-1.84283331321799,6.80807460170267,3.70058200719494,1.92411542314482,3.16817616985301,7.31409553835307,12.5539869098358,15.1936217283732
"52",52,11.5145521487659,20.0505054654691,-0.119300592107288,8.39611338807274,3.35322567260417,2.79801031006653,4.3263641489152,10.0438114900144,12.2108329828926,15.3672919705375
"53",53,10.8954714491994,16.7962405866973,-4.49822044849273,6.86880654889548,1.80802351481945,-1.18521929064545,3.09131223713669,6.47002427277294,8.25899963298474,12.0282292161572
"54",54,14.9656042615856,23.8173011293263,1.81070295540525,10.7332950349714,5.72180106207908,4.58329872707595,7.29756564364538,12.5904257999985,12.8286344475676,17.7186934248516
"55",55,12.3484269187159,20.2829861834014,-0.332660274999184,7.95565293526046,4.06307358455277,3.06312414524535,2.40311468331669,11.1149353011335,9.67972679525511,14.5176670164649
"56",56,8.46961217571173,18.4546688208644,-2.73571438196096,5.11299428568202,2.10246717264694,-2.04372797066762,4.08497145178974,7.35428178733106,10.6909961858416,12.870113412352
"57",57,12.5580765506491,23.5297136320228,0.171627073710508,9.29190666411021,5.88550773450331,3.03248790998897,5.30376285462549,10.9502642467086,10.6009305786074,16.8742118163039
"58",58,10.3765688293364,19.6904475837945,-2.07401459481678,7.59429395520747,4.33191489365827,2.11383230728491,1.75957040576454,8.22696495562519,12.5904702924557,15.9389458271225
"59",59,13.8542216823903,20.6750346503986,-1.83722515346996,9.14021900398876,1.84230270006268,2.59765557044506,5.87540017998953,8.68996145026037,11.803869327943,13.6554234226633
"60",60,11.3514687366526,20.4392080396006,-1.34207498533393,7.61358262599164,3.59872143176512,0.364882021632504,5.68404403407801,8.6673562164593,10.2276541850254,14.661710440985
"61",61,10.715135710492,23.1821348845247,-0.089043534148652,8.593167434127,5.94712899684138,2.43669892561204,4.99100954708477,9.6955369152544,10.2784604649843,17.2862891067258
"62",62,12.7654095273168,23.9121924550932,-0.866420621268023,9.66634936820689,4.5821781031734,3.47613502571511,5.67377729629455,9.30363371775963,10.7326288913059,16.0856880356954
"63",63,13.7095509749847,23.8894219742717,2.23766489579809,11.2801343921763,7.2312974151366,4.78405467560177,6.07045414110891,11.649152512085,9.95257439851327,18.0176163059226
"64",64,11.8210259567283,23.2196132706066,2.3425537786627,9.56326834125205,5.31031372969491,4.68704573275507,5.42029092456797,12.8163300226623,12.8497833408754,17.6757373396473
"65",65,14.5052944677989,22.5715721392727,-0.246210607906197,10.2838614516125,5.19767176629673,3.46879808921654,5.94807770309463,9.89525120759398,11.3806933973827,16.3336482512399
"66",66,12.6166065633395,20.0621813185251,-2.16460210650069,8.17632527845752,3.43840909793809,1.90919837348701,3.5523676943633,7.65272454538588,12.0553774802428,14.5129545688289
"67",67,12.6711703867685,20.7282620509124,-1.73031706944337,9.38314034626092,3.05390184628629,2.22096987094311,4.55420433731162,9.74611023544911,11.9465074540483,14.4089098133359
"68",68,15.9609685548223,23.9250154161757,3.33231483909091,11.7368611249196,5.73816898226991,5.95617221943938,8.61023019460017,13.2163614606215,14.2473699782454,18.5453770969759
"69",69,13.7798242024338,20.4560616944633,0.0576811363829174,8.81374008491998,3.9396288726193,3.06362335925307,5.25465664676249,10.1691065620305,12.3382266406245,15.5712871788479
"70",70,9.60567851535603,19.4977138764274,-1.33550789520642,6.98765193451753,3.98346690899731,-0.0376806292295253,4.35917636518821,7.33973377627264,10.0233660501565,14.6425332244175
"71",71,13.175216463949,21.4477741458684,-0.764585825123408,8.75032082073022,3.61456241048637,2.53559023651382,5.54423030527034,10.4720728112425,11.9530575463391,15.424134463625
"72",72,12.3369435281717,22.310625660864,1.62794382768875,9.32921192959872,6.36155792239629,2.71186517068949,7.20236186478653,11.489282948739,14.0772576497865,18.955242144327
"73",73,13.7103515887097,21.284901095321,-0.443187436640433,9.05175670112275,2.68498733621028,3.41933619155223,5.54393264045518,10.0583154567713,11.9481786344476,14.4292975455029
"74",74,10.8889594509538,20.8302503745851,0.214202768117378,8.35619735712304,3.58359259335848,2.03672717203546,4.96232885106132,11.1504804047963,10.5970415318035,14.9422740783349
"75",75,10.844823654963,18.4564710593833,-1.82862331968723,7.58961850225607,1.48327956676684,0.572530765045973,5.15813601799751,8.8333315629985,11.0189100089268,13.2295640748491
"76",76,10.2120486296674,20.0705954545812,-1.07011575451526,7.15749577344689,3.74787564011212,2.01741076991014,2.87399838578068,8.761327948241,12.1665572856248,15.3939539137203
"77",77,12.1617942202146,20.7355604794098,-1.71790993032038,8.96610680035238,3.84323615784356,1.70542534744213,5.30561635971049,8.87696724764719,10.017613954233,15.2229317127305
"78",78,9.27742511693062,17.5380890512184,-0.385050465715463,5.67948413897045,3.57813254052476,0.280604769376201,2.91485048906073,9.08821507789948,12.0969363903611,15.0342335516975
"79",79,12.7959362694661,21.3730846373369,-1.23281081776827,9.60830193432413,3.53901869369927,1.95887219219729,5.95343205327182,9.08557630462095,9.74249097396441,14.3829509988399
"80",80,14.0450668019698,23.25680906366,-0.770908946866481,10.0194085811401,5.1614156016535,2.45133220497771,6.96499637177829,9.4095645213034,12.1263539654951,16.4762705415855
"81",81,13.5964757434678,22.471129304177,0.326104284315904,9.89215687633811,4.07573576005471,3.39152947569993,6.63015282650705,10.8417461794847,11.7932171263592,15.8457601443629
"82",82,14.5098825096298,23.2782670600662,0.798301776618775,11.3114396948544,5.08530685376514,2.71962062807163,9.49346173216911,11.8429539452578,14.1297097565273,17.7126705181786
"83",83,11.0011888788578,18.8148874531012,-2.84877478372871,7.23945096351404,2.02117671803249,0.106278435974914,4.58424260501037,7.73479086665784,10.0448007157167,13.3541648867475
"84",84,14.0114656953318,23.3617711331707,1.84065888403794,11.9271373022655,5.25966393960823,4.25400038316142,8.11105271908047,12.2024087134218,11.2288288029108,17.050158339454
"85",85,11.918528919776,21.3747013338666,-0.582754030765155,8.67447234696772,3.19265842608019,3.15699546957029,4.46804869371253,10.9864618925729,12.3304861532401,15.372603318519
"86",86,14.7395485712988,25.0455866023718,2.74591660253508,11.8545098219303,6.94085953805794,4.92061953558693,8.01145483976015,13.7685941661666,12.6079843019478,18.7167954931616
"87",87,12.6702801856756,24.1146099248064,3.11188549283587,11.2722309389802,6.98628277934383,4.55618637698561,8.03319774940662,13.4551350503933,13.7458515333159,19.9926247665947
"88",88,9.8328008404305,19.9292953311492,-2.76428864946892,5.77870684447712,2.94920912593363,0.556249912406921,2.4575367017671,7.31394736998191,9.16391803620967,13.7865352751254
"89",89,9.77804916708681,16.7928668524022,-2.63981394386904,5.65076567002187,1.92895709817826,-1.83578093666579,3.75019073708778,7.1969687551361,8.15751222986056,11.8673073528252
"90",90,9.11053617453099,17.7104608105297,-0.907345306626418,7.31515399540507,1.63688154046817,-1.09300720620291,6.37905798054993,9.72704546059894,11.2676989380742,13.5864881794559
"91",91,9.76144418154733,18.5633727795183,-1.62991834998305,6.33909750185865,1.2790141989046,0.473226121150273,3.60968642452831,8.81764997347778,11.1638178649164,12.6110109987071
"92",92,12.2511993793273,21.0641561500267,0.245387169302548,8.36273360522013,4.37806877593017,3.41969204308518,4.97478183692391,10.3617817116443,14.0850985240935,17.3639180540539
"93",93,10.6209204985622,19.644239823787,-1.57128624004128,8.1809554755971,4.40841424769779,0.273705324332894,5.92068228907283,8.1974551083485,12.3110013344645,16.5856672305402
"94",94,7.37414936620362,19.8063967531441,-0.5685072218435,4.91589941376297,1.61871490953016,1.09574302297536,2.58978378154871,9.39624840911759,11.9610560639059,13.695187591374
"95",95,15.691080344838,21.4618860004981,0.687145370127174,10.9115846875579,4.58328372484185,3.62220242576412,8.43555860734067,11.7052774779448,14.8638499259583,17.797024720256
"96",96,11.9781132586381,23.0690899162404,0.476419224960899,9.71195311711651,4.85171547572085,2.4751582118094,7.18561623009778,11.1360768281304,11.5901022186777,16.6102891903633
"97",97,14.6194250303268,24.0779394688119,2.46183032547395,12.8043180884509,6.21686858417939,3.98521705812132,10.7817470865051,13.26929644549,14.2351011720512,19.5588086305897
"98",98,11.9338330232883,22.0056496394586,-1.95246298805728,9.18901153380936,2.49371483778754,1.92929243464078,5.93792651249641,7.51702842481774,12.2686801494547,14.1440778314612
"99",99,12.1939506322946,22.0233155858054,1.83870895407875,9.72109633239934,4.66097927499055,3.01810996035756,6.89875148571296,12.667295891296,11.7250652802269,16.4807489841272
"100",100,12.3578641425405,21.7845931575104,-0.945155511874176,7.80144472535861,3.110547272201,3.0217050066902,4.81584042649605,9.72603307037584,12.4855292627439,15.5093210942345
"101",101,6.46070334556191,8.45047102410915,30.1633906731433,23.1770216540175,3.77234697553758,24.3986915190703,23.8288735786216,29.1832326142382,24.6807403846212,5.53383254461832
"102",102,6.12385169712228,3.1708646830283,28.9516199084755,21.9458293498951,1.81248119015695,22.7574332969004,22.8180214154389,27.5250528154805,20.8311612288251,4.33476700388961
"103",103,6.18898998801137,4.21980050956838,28.2347873531027,20.4142960790468,1.01184049587072,22.2814112384319,21.7544108894559,27.7682305554858,22.6181957653944,3.83745953116007
"104",104,2.49712031429581,0.814732770801001,23.4865686462699,18.9689865281652,-2.24328516634294,19.0595932204373,18.4405087939225,25.823226065695,17.5259770016465,-2.37129932033847
"105",105,4.11232678551004,-0.299264777207902,27.1112545176923,20.9538347862165,1.5405396779665,22.011219085083,20.2234286589129,25.7118835681186,19.1718171115581,3.09680710221757
"106",106,6.73292322189672,1.13656472901313,28.8893187451359,22.2650834189904,2.45872265642334,22.6221053041324,22.6516348153498,26.7967427617957,20.6672057789186,4.47749646995243
"107",107,7.25351734328654,6.0552015838504,29.0862213151006,20.5386001239544,2.36461687244511,24.1574431420124,23.4776267191432,30.1367084086716,23.1850377839067,4.62279348520485
"108",108,5.59988321988067,2.97888050446194,28.0716565320054,22.1635229154076,3.13419008703769,22.8273362901704,22.6709040951615,28.054972410315,21.6469748133944,3.88931564894956
"109",109,7.27298298471872,5.2157665570188,30.8292359850999,22.5178851296741,2.92512349254872,24.5522849308302,22.3623889596506,28.8326304549383,24.5362961167601,6.95733573940724
"110",110,7.31400390918438,6.9015948588716,29.9568329986019,22.1679366576763,5.26714036048145,25.5909529242972,24.5483194661801,30.4581750813283,24.7340816797589,6.16967650554392
"111",111,8.07378076718811,6.1262866142819,29.5493686941711,21.8553541041979,3.69900364826015,23.2956699478392,25.3653400735687,29.7973477768993,23.2966447863389,4.96932156258524
"112",112,8.56206762034136,6.4291890793014,31.415045434533,23.3540376435103,5.21601026011124,26.3520458708507,24.9394936809644,31.8482230924026,26.8856611652939,8.41913467721845
"113",113,1.1179661217231,0.718986383400082,23.1130212310467,17.3673928202401,-1.91997145334869,18.918257839835,18.9919378366146,24.0107639511272,17.094979094123,-1.55885733798462
"114",114,3.31532148792562,1.9513693406941,26.4544976634807,20.74993179578,0.601566837314085,22.3546336835584,20.6391339135723,26.4709718643938,19.1660583060739,1.90117450219733
"115",115,3.97645612007776,3.92531623786414,27.2309229477453,21.2710017341903,1.672365810076,20.6134470557169,23.5225523723231,26.0017145036494,19.8455828558616,2.80778928222326
"116",116,6.67586425185703,5.51326066058975,30.213407965576,22.5548702314065,5.24070917118943,25.2339078592818,25.6804350108828,28.7367765841549,22.0150672300091,6.3482282829415
"117",117,3.88673243291158,3.02130028407809,25.1839003052065,17.7543082224498,0.790478619232076,22.4435136289409,21.7963196066962,27.8467131658297,19.4850460579397,0.973340627335888
"118",118,6.57235152295901,4.86867545581996,27.829272031536,19.4913743694372,1.51679783279292,22.8192157296393,23.166281608213,28.1666117781685,21.914423232566,3.25353866116188
"119",119,6.68909601380506,4.78109104537931,29.632465452195,21.3780947706386,3.20130876314853,25.0805566472164,23.75665537619,31.0359162070216,22.522411124116,5.88742338696273
"120",120,5.12543879403487,3.04399496001663,27.1722045635488,19.3766666579978,2.29535022572894,22.2626448072626,22.5666455667337,27.1287021804778,20.7422829744333,3.2970753454513
"121",121,4.62186962172581,4.93485475732868,26.6442326232375,18.4655705818458,2.46780438960271,23.2391505610296,23.2541021976395,28.0065322182457,20.2472254658118,2.46550477476721
"122",122,4.48565474694205,5.18544262827305,27.362502395123,20.7999336703677,2.44606458047407,24.0805952200802,21.9085477177295,28.3929668132067,21.5655032932625,2.85055453302177
"123",123,4.67244129423967,6.78709635768788,28.8751863737675,20.2302557685525,3.54764417487021,23.1921660393944,24.4201136670124,26.7514078728958,21.0848829112834,4.92545448044943
"124",124,7.32080092931255,3.97177403860574,29.0725366053126,20.2985626654857,1.99047580447942,23.8633150268719,23.0604384060754,28.7941239287433,22.6605674792386,5.02470360952933
"125",125,6.65134484267351,7.21812630455231,31.5876403301364,23.9006772605612,5.65438691982203,27.1389332727827,24.4248179215652,32.0191103994577,24.4392314934033,8.10128936912211
"126",126,3.91328426013958,4.9884675779963,28.2136490233626,22.6085041083233,3.08734823619249,22.7522914658352,23.325992200042,26.8493757135978,20.4446433290712,3.70595889225753
"127",127,2.41549174349151,0.611895430999286,27.3058393563503,21.4291165571455,1.55559248094397,21.0647192970175,21.1103382120162,23.3136521506704,17.5363489580379,3.23746720982876
"128",128,7.92237336217769,5.10907560697918,30.6475328058332,24.2775483443153,5.94745733972704,24.3713540675086,25.1472350929135,31.0914110135929,24.7053259332832,7.02039592575672
"129",129,6.33212723573954,5.67578672202849,28.9579643736751,20.6360189205977,2.77658029585621,25.0534684472927,22.9366016414078,30.3871066544519,24.160518943847,5.47226196318894
"130",130,4.67337089628394,1.73693661758553,27.4912543258904,22.3594245347896,3.06656499176797,21.2120646809014,23.1984772042444,26.333723712734,19.4010217920728,3.09728653076904
"131",131,7.23211481602545,5.74796795273497,29.2767151947832,20.6800580286174,0.28259835632597,23.7334255679254,21.3439574579302,28.6677881052089,24.0052535043616,4.45003618696789
"132",132,4.90864567679924,2.56157638777403,26.9904039643488,20.8791323834582,1.56143396026072,22.8930005755035,22.3992801673766,27.9444058679576,19.5254326749449,2.23749407868574
"133",133,4.7231417556873,5.24854763638383,28.0259623274672,21.6653871850982,2.99086119799658,22.4238225836767,23.4423881252795,28.13303218802,22.8774247682465,4.38969835858258
"134",134,8.21513578728941,6.95137297196866,31.3626448806719,23.2318620869493,6.10378243228765,25.9198102801444,26.358326547203,32.3138184176285,25.6745912449105,8.36354038442035
"135",135,7.9715884859325,9.529531050743,33.3597171201629,24.3722707916793,5.45883172145268,28.9078408263064,24.6996049069242,33.7988677155675,27.1479726294103,10.0866661896899
"136",136,5.27893408186458,5.60795725655839,27.1458313501759,21.673090890204,3.99653743098694,23.315963968374,23.5267979858113,30.2968842543436,22.6017947320934,2.77557971636998
"137",137,7.04305805997097,5.78765484598199,30.6440415220348,22.1108054516995,2.89110351826433,24.3976260949283,23.1877283684235,28.3450837463476,24.2216936151805,6.81206873032588
"138",138,8.09000090373669,8.59201339780123,32.8905365887303,25.94980841689,4.93560877835875,26.3817652819092,24.4209048626611,31.8670051025056,26.9522379235782,8.82332456928787
"139",139,5.25011047202291,3.16094291340018,28.0280939178057,21.3266239036007,2.92055221839485,23.1935683146462,23.9723372778308,28.8201346348138,21.0593172015503,4.42441491438585
"140",140,4.68243634452786,3.98733744857085,28.822528941118,22.9571014387986,4.13341386548787,23.7905510435638,22.2654196368776,27.3615621887336,21.7578425122348,4.7800550041505
"141",141,6.2477233935497,6.4181266151515,28.6403222980968,19.8844175066682,4.1899461939757,23.6271396199367,25.0812568078455,28.2350412782928,22.7296605658783,4.99322062689818
"142",142,5.02553070838778,3.45527959247545,28.9523514056459,22.2885476218362,1.31521940035571,21.6035337012553,21.795686571385,27.4324282324257,23.4096670575151,5.59752188080074
"143",143,5.81645891227132,1.18433401802632,27.0411141430082,20.4486673676065,0.73800135253911,19.859154867458,23.1889804463437,25.5619609670494,18.8642756123398,2.17337392375755
"144",144,7.59777653815377,6.3864646343584,31.5382194512669,23.2134217535352,2.84177504707867,22.9375762402115,24.6193316924983,28.6260934560277,24.1452231682648,7.49803434323561
"145",145,6.83747615250527,5.59913653248193,27.7921702502555,19.3705538007935,1.07150512054085,22.4157473802117,23.2821241067901,27.7336075786562,21.6739963104493,2.63714313235931
"146",146,4.29570339221516,3.64121324901494,26.0985716996011,18.7316460027762,1.66386548140157,22.6485958623267,22.2028460998872,28.2262812243921,20.581162684688,2.11989733676829
"147",147,0.574445485071275,-2.24308721035149,25.2190119849291,19.4159670481276,0.697839409072184,20.1771842984574,18.4601326580608,21.4917934200558,16.3462382145788,1.80323092046009
"148",148,4.16470147870736,2.02480053439639,27.0208256226386,19.6152924018616,0.806994133580955,20.9352216772395,21.1964769612332,26.5881125715467,21.6657243140933,3.876663827128
"149",149,5.34222396466866,1.72093223354599,27.1325528892741,21.3805030499325,1.14558752254702,21.1959330889963,21.6202191195111,26.9737541046254,19.8834981763517,2.16291774924446
"150",150,4.53311089318282,4.47386457894291,26.7836139681456,19.9754062725537,1.73402334778493,22.2615553966086,22.7200931026868,27.7394381211965,21.3937584621438,2.65338646490134
"151",151,6.12248573961494,6.11277117803793,29.5088568096661,20.3198845903648,2.71928989581331,23.9810766840993,24.2161794145865,29.7532196430303,23.3853674562304,6.29396383464098
"152",152,7.43687703788371,5.04408906124549,28.3681546239177,21.9076654735337,2.69881675646905,23.0156577635463,23.3522070762408,30.1061341763904,23.591014167996,3.58944199445263
"153",153,3.88838421822994,3.77185537809966,26.4322242244488,19.9511213793504,1.26938419386303,24.5105781769854,22.4200677309001,27.9658095679976,18.4409909751138,1.40208254948631
"154",154,8.02346340629432,5.36282682948328,29.6600504689184,22.6510488699327,3.06822147079221,24.6507741447835,23.949919657187,31.4450853044114,23.0810862869292,4.71938173593107
"155",155,8.23391117073723,3.1946547494099,30.4033178813527,22.5202825549863,4.03557087620048,24.7651184615179,24.6811099001485,29.9880124737876,22.5513095024733,6.5590887903884
"156",156,8.97476023067629,5.6731785345391,31.6682688246564,22.9957219853037,3.328690309588,24.8904743378566,25.7543272789876,29.1380240333151,22.4068540514585,6.82453198032191
"157",157,2.98939716732011,4.10631774440295,26.7953717568598,21.3230521497178,2.13579030760582,22.5276886939546,21.7272221829707,27.0538954032894,20.3586324684321,2.51578186483103
"158",158,3.56855909622721,4.11398479593703,28.1973239101059,20.5107304735055,3.00338633587963,22.9222603999267,22.7889770360585,26.5279332756757,21.4300145214446,5.26841260642907
"159",159,1.34402717091592,-0.481293467296442,24.385107245339,20.0626680238836,-2.82263025498798,20.1563036558891,17.784269379308,25.3127811570093,17.3991888457441,-0.56686553215238
"160",160,4.41709113269042,5.83050591181077,28.1864370665987,22.637495808363,4.05815825910821,22.9054331316106,23.4034943249667,28.7979290192053,22.4161037436611,4.12961640107864
"161",161,3.29258331816637,3.79775516474381,26.2668042638566,19.6381023671246,-0.985354451885959,21.3801742573224,19.9751301616882,26.7233038579557,20.6143693835456,1.62224022918219
"162",162,4.61936450483971,3.07043327380823,28.7486937143791,20.88562421599,2.31915752779941,23.9190555805898,21.8020423433999,27.3636140948323,21.0563879486627,5.23365735136482
"163",163,4.09396008542757,2.87635700899708,26.0123737896774,20.2379429829411,1.24997758660167,21.9607475765041,22.1896597409166,28.3306595947805,19.7540006176264,1.49719880505702
"164",164,7.73304603264693,7.15789961863047,32.2910050480052,22.996803085458,4.04139261151776,25.3345255565344,24.6935017029065,29.1949069465698,24.9155467130955,8.75278780071599
"165",165,5.10176842471343,1.66675030302338,26.7991957169893,21.5087848370974,3.09837987627127,20.9556734506904,23.5573869163595,28.126497127756,20.673068235995,3.00008700321952
"166",166,4.02457273645168,1.92644252750196,26.6435053246223,19.8324449655638,1.38235661442298,21.4319683008663,21.9582589712965,25.0956859721527,18.529832178881,2.13820207469725
"167",167,5.18359163398904,2.69124306258118,28.1181744792792,20.7165338127551,1.40317577358242,23.1499800263121,21.3142970468358,27.1948104964599,20.8960172855576,3.90314717893119
"168",168,6.35725889377912,3.77371574612688,28.1524262370852,21.7137442769955,3.12617521939477,22.8716060249013,23.5977795641178,28.5463983304016,21.9681351783012,3.81619491920025
"169",169,3.50346476968269,3.2718340980658,25.2724769532297,20.8361143103145,-0.605779919987179,20.773004632707,20.3738584534289,27.6034751963153,19.7357859390635,-0.31427957786372
"170",170,6.30302219904611,5.33990712288921,29.1817365218805,21.7265919342172,3.09899523602537,23.6953769685061,23.2787113333429,28.9334796652407,22.1734050242923,4.67599133644747
"171",171,7.50368090845311,5.64583598734611,30.7180041043543,23.6059964071998,1.56096742643871,23.7223873656003,22.9600839495312,29.9620846198193,23.3677524828365,5.69813956180939
"172",172,5.6004205938958,5.08402374318792,29.5334360006685,21.7227701056801,3.14684853733846,25.3939139102955,22.6552584566065,28.9570255418575,22.5545972415473,5.71380731338015
"173",173,7.79943952616891,5.20070532202165,29.984686766563,23.3720943709352,2.05432482662412,23.7387685913004,22.867113640101,30.4981962562968,24.3732608966145,5.25407974780774
"174",174,4.16110849250617,0.846010651562489,27.5743544794813,20.6491903125298,1.77109421704774,21.4893317580624,22.307259719443,25.5098430820566,19.61999616237,4.19124869680836
"175",175,4.93503626343955,3.71127614098837,27.6486037957406,19.9641796576664,2.03611885464507,22.5650173652818,23.1339898124452,26.9517830619996,20.6024284553138,3.67994493006078
"176",176,2.06225859651726,-0.593656485381379,24.7888557066532,20.7614576129346,0.190495050215384,19.1467438165219,19.5961416514929,23.4651495018996,16.9289365538526,-0.201151228554664
"177",177,4.54172434365879,1.93923244066474,27.074577938519,20.3863491951208,1.70225860230642,22.0032175550598,21.3809899816292,26.3270314240635,20.8165832585399,3.20107757048008
"178",178,7.50330020301407,7.7174793501878,29.0247900881457,21.6097949655449,3.58960080389775,23.6267184932591,24.560760718413,30.3985549324968,23.997208277216,4.11768306404741
"179",179,4.21155781337992,0.951272034845088,25.4077704460307,19.5170531962776,1.11856852566035,19.6456401739076,21.4993291577509,25.4437238016581,19.1008159025457,0.909895611187247
"180",180,7.32915520502483,7.51635792708532,32.1133885909516,24.0360539076321,5.12062948227108,26.8911380893713,24.3153429480776,30.7673369459386,25.073494692007,8.38013168984892
"181",181,7.09518905555709,4.91641859907915,30.057799595825,21.2899389440889,2.80563362684367,24.4995495240486,24.163332102721,29.0108932301167,22.4220769922922,6.11497013313641
"182",182,7.63035443391418,2.7365013167794,29.9153497711048,24.1999780558162,3.1613681739938,24.573204743085,23.0384679125166,30.3795824673889,22.1162257674874,5.09087506642269
"183",183,2.98845108854218,2.40470698077409,25.3983218381498,20.2964405491252,1.26255336201068,20.1639500845691,21.8845146109337,25.5099440021206,18.4376937281814,0.607396480049277
"184",184,6.7047447946069,7.34064271958588,30.1325001577896,22.2264087242729,3.82534918195115,25.4079857874995,23.3943344241735,30.7559320198219,24.4007512269834,5.99587185890915
"185",185,5.69270852001628,7.55293852127117,29.8201953151651,23.2020247203198,2.74134857280159,25.0195132755887,22.0058477553967,29.2354976629056,24.5085303099406,5.19378299654126
"186",186,3.71302532661835,1.65739268961797,26.3589010286675,19.2766455593819,0.744359845028498,21.644836386869,21.7958964124478,23.4445854228668,17.3447450459886,1.48596890281733
"187",187,3.67826579460576,0.813993270692608,25.3534304880276,19.4576450306425,1.15202228331411,19.6358892027922,21.3562345273061,25.3374164017941,19.5647952751904,1.41049597435415
"188",188,3.62159238912989,3.33186400871578,26.342168487039,19.6414040348755,-0.160701410128373,20.4188318390302,21.4556526341485,26.1847776807228,20.4295392882035,2.1105634844635
"189",189,5.02474927172933,5.27826984846374,26.4309475917725,19.7304085091007,2.19753840168749,22.0242407812372,24.0819966493704,27.0508735156705,19.7167850713452,1.23633791094826
"190",190,1.37646514166993,2.85963018390999,27.1088858075268,20.4037074385423,2.49606091267023,23.0522122147938,20.9883613936581,23.6579181874269,18.7051968435606,3.63776664462523
"191",191,4.16783239983666,3.68470645990299,29.4651787082942,23.4839592441591,3.30882742489663,23.8687740442374,21.1611259315976,26.9708934871901,22.3332613565707,5.78464370190042
"192",192,3.5925548120549,4.28832486761772,24.6961310229431,17.3858705892932,-1.2459924472056,19.7059127507302,20.8175118256159,26.5572177701454,19.8003554377197,-0.337400917439541
"193",193,6.38807134841822,6.77983876937801,30.1835233550755,21.3821657608226,2.62080160324844,24.5700037706389,23.1540984050575,27.6197266379436,23.1764646999138,5.8606615343556
"194",194,5.48663864721728,4.08486364232657,27.7882598190516,19.5901572776204,2.70500350738381,24.1718294648346,23.7365071485894,27.2003162271268,20.4009937008909,3.67671952621463
"195",195,7.85706890087423,7.07584789491092,31.1299108228493,22.4070802285693,2.63677374842372,25.3928887707995,23.0424859811154,30.2243183028542,24.9442657260144,6.74444865840793
"196",196,3.97574457300778,3.0068788329972,26.5196599491372,19.7942836629919,0.723968628957533,21.7267293739391,20.898275545767,27.3622736431757,19.9003080512583,1.95796396882461
"197",197,5.76841704345808,5.55673937780841,29.1148976538309,22.9827096171086,3.55775891951322,24.0558493046915,22.0347600296807,30.0827998180469,23.9838415985204,4.94122098038776
"198",198,3.74091419816836,3.33624589330587,26.1706969543401,19.1271868469558,-0.163470062302707,22.1116941611058,21.5078330178028,26.1525914270078,19.4355358814226,1.53359121776917
"199",199,5.25940239033441,4.23532526301894,27.4309395367281,20.7680170833045,1.86287411282409,22.488024681063,22.3852948677231,28.5346345207043,22.443060992425,3.37796667446522
"200",200,6.09781474330157,6.62932236973081,30.7083972036916,22.8275315819144,4.52881317836484,25.7731696116892,23.7247525562639,29.270513775459,24.0537127202817,7.16648229358328
"201",201,3.95384578942401,6.07445066938585,1.69229797218042,21.4731532548205,6.90080517361581,26.7378856826437,15.5487981276379,24.9019729337081,22.5019765260018,25.0513868862782
"202",202,5.00026822383525,10.0264726387541,4.82168363283679,24.0243154416161,9.89697092414229,28.3573111732833,16.6809000425791,26.3770162602707,24.7696615855752,27.3071348991302
"203",203,2.14093196695395,5.17910492215584,1.18766991387282,22.3517856873633,7.42281242164147,24.1955509482843,14.9168645900132,22.2400755354503,23.7330199778081,22.5715528841817
"204",204,3.00291305373227,7.20371144983665,1.6826000490493,23.1356077505536,8.97914084984101,26.4513133771227,16.449196939891,24.8405323890927,23.5683781707947,24.966242021504
"205",205,1.30706849967347,5.09736933936902,0.428633933841569,21.6777201697907,6.33626007443228,24.3308081972047,14.581950875351,23.4166503119134,21.7713884779681,22.7114243523408
"206",206,7.09320017735591,11.3618184312974,5.94837075712433,25.1207927529262,12.613339605998,28.7682652210908,18.6896851590165,27.3121838609874,26.7011020901877,28.7033089291284
"207",207,5.70524105716568,10.067646434781,4.66164629491192,24.8242911879586,9.97739031435593,29.186750217832,18.0021769454529,27.1914692518146,24.7101509851531,27.5249536416914
"208",208,4.45248219152961,7.34230981974734,2.00495660766214,22.1272065285028,6.33015346498769,24.5736938802252,15.8699304058873,23.2063593578672,25.3391283962266,23.0085474838793
"209",209,4.59800806003677,7.61027624935895,2.15529952273572,22.9788353586199,9.29926504975455,26.8198986717828,17.0778390208154,24.9191683318482,23.4033740601306,25.3507209789395
"210",210,4.96361208071311,9.94594356032401,4.74265454938208,25.6748688037569,12.4731434261554,28.7602306903375,17.4876319345687,27.4417643654989,26.1322617096875,27.5086486701705
"211",211,7.64700871827099,13.0637773358868,5.64845793237663,26.0613816558269,10.3688559596446,28.9037087083828,19.3677668897736,26.9744831240505,27.2664500017726,28.0640826718558
"212",212,4.46057924672562,8.31424750522102,2.87499715073084,22.8411052332207,8.76295091530541,26.6275589883648,16.522926175588,24.8048042793119,24.2779228370192,25.2398673169292
"213",213,6.0823606799087,10.031342628408,3.73988160838052,25.3092449586833,11.0751771898399,26.6712529974061,18.3335525174731,24.9435656857148,25.3029472219036,25.6526663142695
"214",214,6.03816208096562,9.44374537047866,5.42226497253152,24.3770033814628,10.5283038429918,28.3324958116263,16.41945007453,26.8353286936869,25.2542005849889,27.3311001623334
"215",215,2.42525828849076,9.67733334325389,2.85472202790386,25.2263896506828,9.72453352376775,28.8294664798527,17.0115694817487,26.4203616116239,24.0756372278216,26.8175731993296
"216",216,5.32454372355376,9.29037673808411,3.67609728551025,24.0582443753736,10.3089514821522,26.7822439061661,17.849523143993,24.8770972292316,24.965929063816,26.1688131064407
"217",217,6.92221925846563,11.9802599758359,4.68726931163797,25.4298262706446,11.9961606905684,28.232005056881,19.3006136447934,26.0265345662065,26.390018149732,28.0612398624897
"218",218,2.68155445096431,7.09377394487389,1.83070686171567,22.6050909918633,7.79272491607995,26.1765632675418,15.6879865893001,25.1587036859834,24.3225092296259,24.5540725421392
"219",219,6.18022113007066,10.3321569636672,4.14005291176965,24.0235979294884,10.2492654845214,28.8639510429016,17.6764103821575,26.9581402792051,25.1529615551992,28.0873051047539
"220",220,-0.0264640629105433,3.31068194814141,-1.46883916192101,21.3884842434347,6.29335429320542,24.0657770653002,15.1854915244838,22.8225511876036,19.6948572263412,22.0480834766916
"221",221,3.1508296652509,10.1285058537374,2.11388805756916,24.9446823655238,8.22852935448882,27.2100407929816,17.8519303232053,25.7140947881173,24.0516879682237,24.9894804727104
"222",222,2.95275775957955,7.52265949073869,2.12745798613916,23.9096393966334,8.06765949337353,25.5731833640637,16.5201976135068,24.2399798653615,23.933074249698,23.4937872814692
"223",223,5.10992377829465,10.5041694791008,5.1076566990258,26.4153106007849,13.5768930942403,29.0380313432566,17.9603558824815,27.039799444185,25.3988457194569,27.919127023819
"224",224,7.15377064466059,12.0720048682498,6.42242934513892,25.0948012630249,11.821052882041,29.6752350460515,17.9713012942036,26.9938273848233,26.7412041595854,29.0642625344445
"225",225,4.60480708274815,9.61565605925858,3.54848535731018,23.6362427835841,9.16232039808599,29.4540374586947,17.0101765373475,27.3871715904755,25.0536752341484,27.944220692294
"226",226,3.10117764474584,7.74855478462078,2.55753210120877,23.8275550440494,9.65380175377448,26.6444800500115,16.5538628445256,25.0306619529185,23.6608048754256,25.4441192912581
"227",227,6.46770152572076,9.99345050815996,4.21143671507335,24.3849790697673,9.92929808926851,27.2573652067786,18.4565915022466,25.755451088939,25.4861723357845,26.4172602428632
"228",228,5.33729105216281,9.26270335126631,2.93351153309154,23.5330794822884,7.84494110845802,27.1246544222577,17.3045115098923,26.5296476807922,24.2404055092299,24.8597250856568
"229",229,3.93384954551521,8.27148300561451,1.67291229109049,23.3077471191972,8.62802562901867,27.6130713791828,17.5076494830315,25.2353791258557,22.6067644569988,26.1981040998842
"230",230,8.0514184011971,12.8437021195923,6.59302554877751,25.3912846025799,12.0014368347965,30.92210653163,18.3863610800388,29.0524336774388,26.5545060395862,29.9131281570635
"231",231,9.14253067889044,13.8443124980896,7.7838562137013,25.9464236040348,12.7763202817043,31.2315120793057,19.2031652678937,29.2238143659486,28.6679464644151,30.6710325377946
"232",232,3.5919981462246,6.62700959615151,0.941244891648074,21.8257200659059,8.32736987282812,25.7836421266549,15.8306557384496,23.789984418682,22.3773918190469,25.7827344439596
"233",233,4.62975688843656,10.8473685081635,3.88765699235548,24.8557422721652,9.12396769357713,28.7549785654205,17.5678261018004,27.14574608264,25.6352895675896,26.7863980902121
"234",234,5.59923545365315,9.96187877429957,4.33344981679,24.4113674498302,11.2461942354236,27.5514153296463,17.5150962786146,26.6060058922131,24.6752389075556,26.9358718642298
"235",235,8.77890241195291,13.1530700322376,5.96465560049692,25.4678252387188,12.2538633945411,29.9484084725575,19.3403009115336,27.839008489491,27.2127264768203,29.8948401788166
"236",236,4.15770394637033,8.34031027867628,3.15439329357309,22.8308619723128,10.983868990517,28.1059351083727,16.4291646176129,26.6935799700348,24.9110465120227,27.9444476685829
"237",237,5.84861351164868,11.2959608058399,5.15532911985302,25.3160238898681,10.2555782593797,30.9717144001148,17.6068713620775,27.7719741707031,25.7631766389171,28.9312667195158
"238",238,3.95256172755953,6.69082674510951,2.36095073913885,23.7559498079801,8.02288403803174,25.0160905342905,17.333608939007,24.354850596685,23.7493960970188,23.3493709522661
"239",239,4.73748416004163,8.2822466197705,3.8517920490359,23.2531900636065,9.01702336555257,27.0069175022084,15.8532979783932,25.3424144029295,25.3505559566766,26.1734798530709
"240",240,8.02469686876223,14.1874204345158,7.67745465437684,26.1522496531672,15.1005806176101,29.8858559592773,18.9868711190673,27.0853931847749,28.1477102783335,30.9132177472527
"241",241,3.29653292866539,8.44834096295085,2.67815068767322,24.1450705671418,11.0374843889298,27.5440691726731,17.1825027589622,26.204428494826,23.7847660520519,26.5488485178703
"242",242,2.97466052287802,7.96501668543928,3.3060488870188,24.1205752538095,10.468566999433,26.5530201241242,15.7200856778692,25.6546164653782,24.4221289946206,25.4445801262629
"243",243,5.4438563365407,11.118678908093,4.4135734803224,24.4337490070024,10.3416160451663,29.6736086952717,18.2612997590133,28.3801727693076,25.2495055717841,28.3253562451313
"244",244,1.64915321429201,2.79201271885067,-0.125442205977238,21.8969338949255,5.08687994894382,23.3453558448157,15.6162545941631,21.5030050587396,19.9399676506386,20.7843393372981
"245",245,4.14391514212896,9.07715425512525,4.064536356866,24.4285823156129,10.8697730869859,26.4400213472662,16.4855872419753,24.3048005712956,25.7959886200068,26.1243328630024
"246",246,4.33149887754791,10.4173510736955,4.19603314562566,25.7089985739081,10.7816657646655,27.7995742645514,17.3958244711314,26.1150343582062,25.8010650115068,25.8961522414954
"247",247,4.2292035253493,7.41342849328615,1.8855225401442,22.0375508855583,7.65960726771991,27.5087102840611,15.8958715779857,25.48523099729,23.5386334744012,25.930128345889
"248",248,6.21700147839595,10.4200373678881,4.71882077323567,23.4124199237277,9.91751802724393,28.3229194448126,17.3746728175171,26.9881810154045,25.9734802206226,27.8253881079121
"249",249,1.72726013779451,5.98889057952266,0.547037116398423,21.8965528324334,6.57735152298073,25.2743581522341,14.8363990263562,24.5114410513389,23.0576891555632,23.0426022347003
"250",250,4.48079807364867,8.43953945181403,2.47784128343397,22.9095619339594,8.80612970612804,27.8429503335202,17.5028485269126,26.5111450492933,23.0480083077489,27.0067835121781
"251",251,6.58549181297234,11.9713505589118,5.52443000647636,26.162555871885,11.8603509602852,30.5962592170582,18.7647980196421,28.4627435828074,25.1526267074365,29.2012040076238
"252",252,2.71138289330914,4.11730336198451,-0.879482539918826,19.5537880980506,5.31032602592461,23.5693072473109,15.3692280449066,23.3624140541483,21.7789789956603,22.7109357220308
"253",253,6.14061024639117,8.85508281472138,3.71557085782277,22.9940767839044,10.1346045611234,27.066718463436,17.6362447608303,25.2970933056739,24.6065938718711,26.9350852636364
"254",254,5.79383040147014,11.0467841411797,5.29818954453293,25.8304145199145,12.3154770316137,29.3980036554681,17.712760561763,26.5225729032984,26.3641166026471,28.1314590069128
"255",255,2.66140769852608,8.55245863699677,2.22971908061944,24.138493759717,10.0570226570625,27.1183110655,16.6692102797079,25.7847834656885,24.2899633158284,26.199099567042
"256",256,3.40147491043013,9.50211486651941,1.82818773843245,23.4815547938415,9.31645041556851,26.2519207050713,17.2215404614945,24.5490784440631,25.6756484109293,25.7073194293149
"257",257,6.20063105204559,12.6679293050867,5.34024638796495,25.0287572480766,11.9316090223492,30.4452631376304,17.8378173111595,28.1085441379256,27.6316366019762,29.8840392751228
"258",258,4.98513342344812,8.50180001009558,4.05273971834699,24.42877297029,11.0970778286895,27.2645073106057,16.4861022835057,25.801802168551,25.1643493910313,26.4219061664088
"259",259,5.14356477558945,7.94577981474506,3.49110051941128,23.7673296173614,10.1555477583687,27.2837428209036,16.8375482086901,25.6205529548156,24.0055099335998,26.8009412296733
"260",260,7.0184650054797,10.4678183669308,4.97682974784849,24.9151883303237,9.98281591578379,28.4975493470092,18.773755440111,26.4603943930607,25.430071740666,27.1694428328783
"261",261,1.22202494623886,5.4432810297484,-0.17184734713713,22.4892023528959,8.18909863841029,25.6283886036776,15.2575782819116,23.4207880859245,22.1868020248854,24.0832704885043
"262",262,9.22265671865371,15.1974560532847,6.89004017550661,27.1735033371976,11.4221547409161,31.0636890969043,20.083158258273,28.4491368369029,28.7438184958389,30.0500795649512
"263",263,4.34720984245503,9.01143936507981,3.17262362291035,24.3886968198715,9.970044238434,27.1209927188363,17.4286813009784,24.949665855927,25.1047909202454,25.9995349786592
"264",264,3.1641654860904,8.58893349628251,4.18974226563719,24.1265760275051,11.4147324332795,26.9479203034066,15.5230553697169,26.2071151613618,26.4391100917698,25.5313475729036
"265",265,5.03385791859572,9.10047303059285,2.75980533804483,23.0073442482656,10.4589138823297,27.1427948891551,17.2624658940163,25.8188014319435,25.0843934767109,26.9624182147267
"266",266,5.7812301558744,11.6063195234772,5.07594497042603,25.8119697148014,11.3717115624775,28.9817343559259,18.0936303122259,26.2159205157392,26.6495231369229,27.9554111908255
"267",267,4.73402300439161,7.52396678539777,2.65067334597008,23.6468170948243,7.56288188496996,26.5572753075882,17.1886098138472,25.3967378607436,23.0501286104964,24.1715246924479
"268",268,4.55357676452418,7.3961020210537,1.19025531197287,22.2668302323612,7.60909269395677,26.4749444017982,17.4835740092391,25.2213729917057,23.2147895356878,24.4819489439675
"269",269,5.48868346401715,9.80635050249781,5.39322929927576,24.3061994873237,9.49781159427329,27.6219735755049,16.0933252623382,25.42405478378,27.0105398031234,26.6017559894761
"270",270,7.24349740382923,12.3812002549981,5.20992898770401,25.7807198224299,11.2317978959226,28.2741328685985,19.675398407034,26.1030469665416,27.573067295667,27.8941315566316
"271",271,4.82838555119865,13.19775541838,5.66885335560151,28.0827244970635,14.4724513081854,30.256815481017,19.0390312252284,28.1036365729812,27.6388031017204,29.2344702716142
"272",272,8.1592784366487,12.6591605606284,6.57742363643719,25.2853546142177,12.4327805413036,30.3143280269043,18.6077613950772,27.9757564488524,27.582852211696,29.6167357345252
"273",273,6.15219882502758,10.5131432395323,4.59485797723542,23.8336442341631,10.1177533856055,28.8113015792966,17.4029246515322,26.967655900873,25.3411385902439,27.8528406291081
"274",274,3.33530659505009,7.41816234027815,2.49467793352259,22.8414184744012,10.1503068537954,27.0154211542232,15.6104355263135,25.6371103830418,23.9784137014476,26.4676405087465
"275",275,3.92304941447109,7.65460985988013,1.8497083180457,23.2084898330618,9.76425054851699,26.3672224841847,17.3830085249227,25.1929581322054,24.3492812276559,25.2838567252997
"276",276,4.53361262194167,7.71991620064752,2.23836719235658,23.4266312368949,8.92790199838804,26.7115378932514,17.4685518738653,24.4528274443134,23.9585305233882,25.3107927232348
"277",277,5.84974937251522,10.6665819149704,4.73734119054661,25.0429206706203,10.4431884745998,28.2899002231802,17.8824936097748,27.1289517416042,26.1474999552625,26.2958179883681
"278",278,7.34016118717553,11.7242050001388,5.14675683379909,23.8210169456278,10.9876216489289,29.4913406887742,17.5979924695548,27.1207100450955,26.9812502808604,29.0133170393061
"279",279,9.69815612194973,16.8680396635716,8.83006101926881,28.0164636022713,17.000410990091,34.6304067628324,21.0236934791269,32.3952198931528,28.9837876953016,34.2172142437014
"280",280,4.33751141782877,9.87369549173555,4.67651662955155,24.2842591088467,11.8508809485672,29.2671668043482,16.1782305968824,27.7827837254192,25.985430100985,28.3080915682347
"281",281,5.15844279856246,11.3793082063886,3.68334254999033,26.2581359353281,10.9329258342867,28.9421436305312,19.4339182349593,26.8621095116346,25.0783091368707,27.3471291711597
"282",282,6.02771748812943,9.09022090305207,4.90716678087059,24.7128551828251,11.0292116854371,27.778636451248,16.7945444956704,26.1178538036649,24.8017978567729,26.8725537882371
"283",283,5.48605855876819,10.3833000104721,4.06706805657629,24.495697152397,9.96190964338789,28.903872545057,17.4845194292137,26.426945958481,25.8426569063169,27.8696925873125
"284",284,4.42510779963608,6.84487430610657,3.901258705684,22.9661701533641,9.10237451254161,27.9805915960146,15.5203347086211,25.9651119971973,22.9451189653288,26.4335366269353
"285",285,3.60537339630776,9.22977809456234,3.27449221821363,23.6595010282039,10.7603062509254,28.9938916662017,16.4988885255464,26.325376448515,23.8469252815043,28.437758843167
"286",286,6.44860684678301,9.23058057146588,4.87136006308921,23.5290662286198,10.1110902010666,28.0329716465611,16.8946187962925,26.0331338862421,25.4803529000158,27.320377898249
"287",287,2.94424245404604,6.18368848730724,1.52365852391072,21.2872887696585,7.77658419669902,25.4820318140596,15.5035081033935,23.8815822430866,23.2810947088655,24.306501919374
"288",288,8.5253131121146,13.3450785883537,6.53093162585338,26.2524779921129,12.7548167509402,29.8407852764157,20.3229401002831,27.865903225122,26.3594314032428,29.2540251704663
"289",289,8.87425655094989,13.7207707321692,6.22406828069562,25.6596181838629,12.5570806096037,30.3834475574933,19.7960680368789,28.3329822073318,26.7281354700355,29.9994474750225
"290",290,6.73233033716299,10.638754699449,4.31089162973865,23.3685903411118,9.46454431842717,27.9557735794653,17.7973133957229,25.5790239643075,26.7679542866202,27.7860098940184
"291",291,5.24047143980321,8.56784420238444,2.79124786140253,22.294326963585,9.45843458666839,27.1526344009394,16.7291813023493,25.4023855517302,24.9673575564855,26.9856891097103
"292",292,6.53894653435786,10.4848239061802,3.63362526598057,23.3032571936641,9.20006807632247,28.183841336948,18.1428075650637,25.6755296508659,26.0211426728978,27.3813685636302
"293",293,4.41345129853153,8.31986106418988,0.786155838426872,22.0532622157194,7.48691899092822,25.6284044206549,16.9704251420813,24.0888193853169,23.9954902899243,24.8815229558125
"294",294,6.16210499532175,14.5677455480785,5.55956250473695,26.7194057178923,14.001429982059,30.7471485745717,19.0390349395089,28.6483782998199,28.1061597152249,30.5661568318921
"295",295,5.915231073649,8.98166015837633,2.96456372179437,22.4475532723353,8.94529641665044,26.9547580590708,17.5125445648186,25.5464330576706,24.4691197693838,26.4227353466901
"296",296,4.04819626856548,9.91468575308502,4.53630723229681,25.4611165094077,11.4445584820271,28.1271364203669,17.2695696444814,26.9446014251709,25.6276950826588,26.603870541974
"297",297,4.16886480540574,7.33081118482587,0.987191259313132,21.005490805803,7.64698732631211,26.0820170626963,16.0591203530335,24.4145149886567,23.6920276691006,25.7087276582126
"298",298,4.39885866858569,7.2992960885416,1.74822938347825,22.1465309560815,7.9174909387523,26.1014163078111,16.6717466688499,24.7174440790527,23.9403816463434,24.7748957886586
"299",299,4.89797224552281,8.88121928056332,3.73798706722318,24.9141721957933,9.99960640247867,28.4516818372118,17.4981419558488,26.0211205003377,24.2814063232786,26.9739029408896
"300",300,5.5448460352425,9.57181176016576,4.9249289816537,24.7418511434319,11.5233186415971,29.1920799044308,17.0491061137231,26.3981155296924,25.3464896912823,28.6719333755764
